{"textures":{"main":"cosmetics/backpack"},"elements":[{"from":[5,-1,4],"to":[12,9,9],"faces":{"down":{"uv":[4.7499975,0,3,1.2500025],"texture":"#main"},"up":{"uv":[3,1.2500025,1.2500025,0],"texture":"#main"},"north":{"uv":[1.2500025,1.2500025,3,3.75],"texture":"#main"},"south":{"uv":[4.2500025,1.2500025,6,3.75],"texture":"#main"},"west":{"uv":[3,1.2500025,4.2500025,3.75],"texture":"#main"},"east":{"uv":[0,1.2500025,1.2500025,3.75],"texture":"#main"}}},{"from":[6,0,9],"to":[11,4,10],"faces":{"down":{"uv":[2.7500025,3.75,1.5,3.9999975],"texture":"#main"},"up":{"uv":[1.5,3.9999975,0.2499975,3.75],"texture":"#main"},"north":{"uv":[0.2499975,3.9999975,1.5,5.0000025],"texture":"#main"},"south":{"uv":[1.7499975,3.9999975,3,5.0000025],"texture":"#main"},"west":{"uv":[1.5,3.9999975,1.7499975,5.0000025],"texture":"#main"},"east":{"uv":[0,3.9999975,0.2499975,5.0000025],"texture":"#main"}}},{"from":[12,0,5],"to":[13,3,8],"faces":{"down":{"uv":[4.2500025,3.75,3.9999975,4.5],"texture":"#main"},"up":{"uv":[3.9999975,4.5,3.75,3.75],"texture":"#main"},"north":{"uv":[3.75,4.5,3.9999975,5.25],"texture":"#main"},"south":{"uv":[4.7499975,4.5,5.0000025,5.25],"texture":"#main"},"west":{"uv":[3.9999975,4.5,4.7499975,5.25],"texture":"#main"},"east":{"uv":[3,4.5,3.75,5.25],"texture":"#main"}}},{"from":[4,0,5],"to":[5,3,8],"faces":{"down":{"uv":[6.2499975,3.75,6,4.5],"texture":"#main"},"up":{"uv":[6,4.5,5.7500025,3.75],"texture":"#main"},"north":{"uv":[5.7500025,4.5,6,5.25],"texture":"#main"},"south":{"uv":[6.75,4.5,6.9999975,5.25],"texture":"#main"},"west":{"uv":[6,4.5,6.75,5.25],"texture":"#main"},"east":{"uv":[5.0000025,4.5,5.7500025,5.25],"texture":"#main"}}},{"from":[7,9,6],"to":[8,10,7],"faces":{"down":{"uv":[3.75,8.25,3.5000025,8.4999975],"texture":"#main"},"up":{"uv":[3.5000025,8.4999975,3.2499975,8.25],"texture":"#main"},"north":{"uv":[3.2499975,8.4999975,3.5000025,8.7500025],"texture":"#main"},"south":{"uv":[3.75,8.4999975,3.9999975,8.7500025],"texture":"#main"},"west":{"uv":[3.5000025,8.4999975,3.75,8.7500025],"texture":"#main"},"east":{"uv":[3,8.4999975,3.2499975,8.7500025],"texture":"#main"}}},{"from":[9,9,6],"to":[10,10,7],"faces":{"down":{"uv":[2.7500025,8.25,2.4999975,8.4999975],"texture":"#main"},"up":{"uv":[2.4999975,8.4999975,2.25,8.25],"texture":"#main"},"north":{"uv":[2.25,8.4999975,2.4999975,8.7500025],"texture":"#main"},"south":{"uv":[2.7500025,8.4999975,3,8.7500025],"texture":"#main"},"west":{"uv":[2.4999975,8.4999975,2.7500025,8.7500025],"texture":"#main"},"east":{"uv":[2.0000025,8.4999975,2.25,8.7500025],"texture":"#main"}}},{"from":[7,10,6],"to":[10,11,7],"faces":{"down":{"uv":[1.7499975,8.25,0.9999975,8.4999975],"texture":"#main"},"up":{"uv":[0.9999975,8.4999975,0.2499975,8.25],"texture":"#main"},"north":{"uv":[0.2499975,8.4999975,0.9999975,8.7500025],"texture":"#main"},"south":{"uv":[1.2500025,8.4999975,2.0000025,8.7500025],"texture":"#main"},"west":{"uv":[0.9999975,8.4999975,1.2500025,8.7500025],"texture":"#main"},"east":{"uv":[0,8.4999975,0.2499975,8.7500025],"texture":"#main"}}},{"from":[5,8,1],"to":[7,9,4],"faces":{"down":{"uv":[1.7499975,7.2500025,1.2500025,8.0000025],"texture":"#main"},"up":{"uv":[1.2500025,8.0000025,0.75,7.2500025],"texture":"#main"},"north":{"uv":[0.75,8.0000025,1.2500025,8.25],"texture":"#main"},"south":{"uv":[2.0000025,8.0000025,2.4999975,8.25],"texture":"#main"},"west":{"uv":[1.2500025,8.0000025,2.0000025,8.25],"texture":"#main"},"east":{"uv":[0,8.0000025,0.75,8.25],"texture":"#main"}}},{"from":[10,8,1],"to":[12,9,4],"faces":{"down":{"uv":[4.2500025,7.2500025,3.75,8.0000025],"texture":"#main"},"up":{"uv":[3.75,8.0000025,3.2499975,7.2500025],"texture":"#main"},"north":{"uv":[3.2499975,8.0000025,3.75,8.25],"texture":"#main"},"south":{"uv":[4.5,8.0000025,5.0000025,8.25],"texture":"#main"},"west":{"uv":[3.75,8.0000025,4.5,8.25],"texture":"#main"},"east":{"uv":[2.4999975,8.0000025,3.2499975,8.25],"texture":"#main"}}},{"from":[10,0,1],"to":[12,1,4],"faces":{"down":{"uv":[6.75,7.2500025,6.2499975,8.0000025],"texture":"#main"},"up":{"uv":[6.2499975,8.0000025,5.7500025,7.2500025],"texture":"#main"},"north":{"uv":[5.7500025,8.0000025,6.2499975,8.25],"texture":"#main"},"south":{"uv":[6.9999975,8.0000025,7.5,8.25],"texture":"#main"},"west":{"uv":[6.2499975,8.0000025,6.9999975,8.25],"texture":"#main"},"east":{"uv":[5.0000025,8.0000025,5.7500025,8.25],"texture":"#main"}}},{"from":[5,0,1],"to":[7,1,4],"faces":{"down":{"uv":[3.2499975,5.25,2.7500025,6],"texture":"#main"},"up":{"uv":[2.7500025,6,2.25,5.25],"texture":"#main"},"north":{"uv":[2.25,6,2.7500025,6.2499975],"texture":"#main"},"south":{"uv":[3.5000025,6,3.9999975,6.2499975],"texture":"#main"},"west":{"uv":[2.7500025,6,3.5000025,6.2499975],"texture":"#main"},"east":{"uv":[1.5,6,2.25,6.2499975],"texture":"#main"}}},{"from":[10,1,1],"to":[12,8,2],"faces":{"down":{"uv":[1.2500025,5.25,0.75,5.4999975],"texture":"#main"},"up":{"uv":[0.75,5.4999975,0.2499975,5.25],"texture":"#main"},"north":{"uv":[0.2499975,5.4999975,0.75,7.2500025],"texture":"#main"},"south":{"uv":[0.9999975,5.4999975,1.5,7.2500025],"texture":"#main"},"west":{"uv":[0.75,5.4999975,0.9999975,7.2500025],"texture":"#main"},"east":{"uv":[0,5.4999975,0.2499975,7.2500025],"texture":"#main"}}},{"from":[5,1,1],"to":[7,8,2],"faces":{"down":{"uv":[5.25,5.25,4.7499975,5.4999975],"texture":"#main"},"up":{"uv":[4.7499975,5.4999975,4.2500025,5.25],"texture":"#main"},"north":{"uv":[4.2500025,5.4999975,4.7499975,7.2500025],"texture":"#main"},"south":{"uv":[5.0000025,5.4999975,5.4999975,7.2500025],"texture":"#main"},"west":{"uv":[4.7499975,5.4999975,5.0000025,7.2500025],"texture":"#main"},"east":{"uv":[3.9999975,5.4999975,4.2500025,7.2500025],"texture":"#main"}}}],"display":{"thirdperson_righthand":{"scale":[0.0001,0.0001,0.0001]},"thirdperson_lefthand":{"rotation":[65,0,0],"translation":[-5.5,-5.483,12.659]},"firstperson_righthand":{"scale":[0.0001,0.0001,0.0001]},"firstperson_lefthand":{"scale":[0.0001,0.0001,0.0001]},"gui":{"rotation":[30,-36,0],"translation":[-2.173,2.0652,0]},"head":{"translation":[-1,-7.75,-26.81],"scale":[2.1,2,2]}},"__comment":"Model animated using Fizzy's model animator - http://fizzy81.github.io/animated-models/"}