{"textures":{"0":"block/grass","particle":"block/grass"},"elements":[{"from":[8,0,0],"to":[8,16,16],"shade":false,"rotation":{"angle":45,"axis":"y","origin":[8,8,8]},"faces":{"east":{"uv":[0,0,16,16],"texture":"#0","tintindex":0},"west":{"uv":[0,1,16,16],"texture":"#0","tintindex":0}}},{"from":[8,0,0],"to":[8,16,16],"shade":false,"rotation":{"angle":-45,"axis":"y","origin":[8,8,8]},"faces":{"east":{"uv":[0,0,16,16],"texture":"#0","tintindex":0},"west":{"uv":[0,1,16,16],"texture":"#0","tintindex":0}}}]}