{"credit":"Made with Blockbench","textures":{"0":"cosmetics/monocle","particle":"cosmetics/monocle"},"elements":[{"from":[9,4,5],"to":[11,5,6],"faces":{"north":{"uv":[4,3,6,4],"texture":"#0"},"east":{"uv":[1,7,2,8],"texture":"#0"},"south":{"uv":[1,5,3,6],"texture":"#0"},"west":{"uv":[2,7,3,8],"texture":"#0"},"up":{"uv":[4,5,6,6],"texture":"#0"},"down":{"uv":[1,6,3,7],"texture":"#0"}}},{"from":[11,1,5],"to":[12,4,6],"faces":{"north":{"uv":[2,0,3,3],"texture":"#0"},"east":{"uv":[3,3,4,6],"texture":"#0"},"south":{"uv":[3,0,4,3],"texture":"#0"},"west":{"uv":[0,5,1,8],"texture":"#0"},"up":{"uv":[3,7,4,8],"texture":"#0"},"down":{"uv":[7,4,8,5],"texture":"#0"}}},{"from":[9,7,5],"to":[11,8,6],"faces":{"north":{"uv":[4,4,6,5],"texture":"#0"},"east":{"uv":[1,4,2,5],"texture":"#0"},"south":{"uv":[4,0,6,1],"texture":"#0"},"west":{"uv":[0,7,1,8],"texture":"#0"},"up":{"uv":[4,1,6,2],"texture":"#0"},"down":{"uv":[4,2,6,3],"texture":"#0"}}},{"from":[11,5,5],"to":[12,7,6],"faces":{"north":{"uv":[2,3,3,5],"texture":"#0"},"east":{"uv":[3,6,4,8],"texture":"#0"},"south":{"uv":[4,6,5,8],"texture":"#0"},"west":{"uv":[6,4,7,6],"texture":"#0"},"up":{"uv":[7,3,8,4],"texture":"#0"},"down":{"uv":[7,4,8,5],"texture":"#0"}}},{"from":[8,5,5],"to":[9,7,6],"faces":{"north":{"uv":[6,6,7,8],"texture":"#0"},"east":{"uv":[6,0,7,2],"texture":"#0"},"south":{"uv":[6,2,7,4],"texture":"#0"},"west":{"uv":[6,4,7,6],"texture":"#0"},"up":{"uv":[7,7,8,8],"texture":"#0"},"down":{"uv":[7,4,8,5],"texture":"#0"}}},{"from":[9,5,5],"to":[11,7,5],"faces":{"north":{"uv":[0,0,2,2],"texture":"#0"},"east":{"uv":[0,0,0,2],"texture":"#0"},"south":{"uv":[0,2,2,4],"texture":"#0"},"west":{"uv":[0,0,0,2],"texture":"#0"},"up":{"uv":[0,0,2,0],"texture":"#0"},"down":{"uv":[0,0,2,0],"texture":"#0"}}}],"display":{"head":{"translation":[0,1.25,-3.5],"scale":[1.62695,1.42578,1.42578]}}}