{"credit":"Made with Blockbench","texture_size":[64,64],"textures":{"0":"cosmetics/crown","particle":"cosmetics/crown"},"elements":[{"from":[3,0,3],"to":[13,6,3],"faces":{"north":{"uv":[2.5,4.5,5,6],"texture":"#0"},"east":{"uv":[0,0,0,1.5],"texture":"#0"},"south":{"uv":[2.5,4.5,5,6],"texture":"#0"},"west":{"uv":[0,0,0,1.5],"texture":"#0"},"up":{"uv":[0,0,2.5,0],"texture":"#0"},"down":{"uv":[0,0,2.5,0],"texture":"#0"}}},{"from":[3,0,13],"to":[13,6,13],"faces":{"north":{"uv":[5,5,7.5,6.5],"texture":"#0"},"east":{"uv":[0,0,0,1.5],"texture":"#0"},"south":{"uv":[5,5,7.5,6.5],"texture":"#0"},"west":{"uv":[0,0,0,1.5],"texture":"#0"},"up":{"uv":[0,0,2.5,0],"texture":"#0"},"down":{"uv":[0,0,2.5,0],"texture":"#0"}}},{"from":[3,0,3],"to":[3,6,13],"faces":{"north":{"uv":[0,0,0,1.5],"texture":"#0"},"east":{"uv":[4.5,3,7,4.5],"texture":"#0"},"south":{"uv":[0,0,0,1.5],"texture":"#0"},"west":{"uv":[4.5,3,7,4.5],"texture":"#0"},"up":{"uv":[0,0,2.5,0],"texture":"#0"},"down":{"uv":[0,0,2.5,0],"texture":"#0"}}},{"from":[13,0,3],"to":[13,6,13],"faces":{"north":{"uv":[0,0,0,1.5],"texture":"#0"},"east":{"uv":[2.5,6,5,7.5],"texture":"#0"},"south":{"uv":[0,0,0,1.5],"texture":"#0"},"west":{"uv":[2.5,6,5,7.5],"texture":"#0"},"up":{"uv":[0,0,2.5,0],"texture":"#0"},"down":{"uv":[0,0,2.5,0],"texture":"#0"}}},{"from":[3,0,3],"to":[13,0,13],"faces":{"north":{"uv":[0,0,2.5,0],"texture":"#0"},"east":{"uv":[0,0,2.5,0],"texture":"#0"},"south":{"uv":[0,0,2.5,0],"texture":"#0"},"west":{"uv":[0,0,2.5,0],"texture":"#0"},"up":{"uv":[0,0,2.5,2.5],"texture":"#0"},"down":{"uv":[0,2.5,2.5,5],"texture":"#0"}}},{"from":[4,0,4],"to":[12,5,12],"faces":{"north":{"uv":[5,6.5,7,8],"texture":"#0"},"east":{"uv":[7,7,9,8.5],"texture":"#0"},"south":{"uv":[7,0,9,1.5],"texture":"#0"},"west":{"uv":[7,1.5,9,3],"texture":"#0"},"up":{"uv":[2.5,2.5,4.5,4.5],"texture":"#0"},"down":{"uv":[2.5,0,4.5,2],"texture":"#0"}}},{"from":[5,1,5],"to":[11,6,11],"faces":{"north":{"uv":[5,6.5,7,8],"texture":"#0"},"east":{"uv":[7,7,9,8.5],"texture":"#0"},"south":{"uv":[7,0,9,1.5],"texture":"#0"},"west":{"uv":[7,1.5,9,3],"texture":"#0"},"up":{"uv":[2.5,2.5,4.5,4.5],"texture":"#0"},"down":{"uv":[2.5,0,4.5,2],"texture":"#0"}}}],"display":{"head":{"translation":[0,14.25,0],"scale":[1.65625,1.5957,1.65821]}}}