{"textures":{"main":"cosmetics/lucariohat"},"elements":[{"from":[5,0,11],"to":[12,9,12],"faces":{"down":{"uv":[3.75,0,2.0000025,0.24999765],"texture":"#main"},"up":{"uv":[2.0000025,0.24999765,0.2499975,0],"texture":"#main"},"north":{"uv":[0.2499975,0.24999765,2.0000025,2.4999975],"texture":"#main"},"south":{"uv":[2.25,0.24999765,3.9999975,2.4999975],"texture":"#main"},"west":{"uv":[2.0000025,0.24999765,2.25,2.4999975],"texture":"#main"},"east":{"uv":[0,0.24999765,0.2499975,2.4999975],"texture":"#main"}}},{"from":[11,0,4],"to":[12,9,11],"faces":{"down":{"uv":[6.2499975,0,6,1.7499975],"texture":"#main"},"up":{"uv":[6,1.7499975,5.7500025,0],"texture":"#main"},"north":{"uv":[5.7500025,1.7499975,6,3.9999975],"texture":"#main"},"south":{"uv":[7.7499975,1.7499975,8.0000025,3.9999975],"texture":"#main"},"west":{"uv":[6,1.7499975,7.7499975,3.9999975],"texture":"#main"},"east":{"uv":[3.9999975,1.7499975,5.7500025,3.9999975],"texture":"#main"}}},{"from":[5,0,4],"to":[6,9,11],"faces":{"down":{"uv":[10.2500025,0,9.9999975,1.7499975],"texture":"#main"},"up":{"uv":[9.9999975,1.7499975,9.75,0],"texture":"#main"},"north":{"uv":[9.75,1.7499975,9.9999975,3.9999975],"texture":"#main"},"south":{"uv":[11.7500025,1.7499975,12,3.9999975],"texture":"#main"},"west":{"uv":[9.9999975,1.7499975,11.7500025,3.9999975],"texture":"#main"},"east":{"uv":[8.0000025,1.7499975,9.75,3.9999975],"texture":"#main"}}},{"from":[6,5,4],"to":[11,9,5],"faces":{"down":{"uv":[2.7500025,3.9999975,1.5,4.2500025],"texture":"#main"},"up":{"uv":[1.5,4.2500025,0.2499975,3.9999975],"texture":"#main"},"north":{"uv":[0.2499975,4.2500025,1.5,5.25],"texture":"#main"},"south":{"uv":[1.7499975,4.2500025,3,5.25],"texture":"#main"},"west":{"uv":[1.5,4.2500025,1.7499975,5.25],"texture":"#main"},"east":{"uv":[0,4.2500025,0.2499975,5.25],"texture":"#main"}}},{"from":[6,9,5],"to":[11,10,11],"faces":{"down":{"uv":[6.9999975,3.9999975,5.7500025,5.4999975],"texture":"#main"},"up":{"uv":[5.7500025,5.4999975,4.5,3.9999975],"texture":"#main"},"north":{"uv":[4.5,5.4999975,5.7500025,5.7500025],"texture":"#main"},"south":{"uv":[7.2500025,5.4999975,8.4999975,5.7500025],"texture":"#main"},"west":{"uv":[5.7500025,5.4999975,7.2500025,5.7500025],"texture":"#main"},"east":{"uv":[3,5.4999975,4.5,5.7500025],"texture":"#main"}}},{"from":[5,9,9],"to":[8,17,9.1],"faces":{"north":{"uv":[8.4999975,3.9999975,9.2499975,6],"texture":"#main"},"south":{"uv":[0,6,0.75,8.0000025],"texture":"#main"}}},{"from":[9,9,9],"to":[12,17,9.1],"faces":{"north":{"uv":[0,6,0.75,8.0000025],"texture":"#main"},"south":{"uv":[0,6,0.75,8.0000025],"texture":"#main"}}},{"from":[3.4605,-0.7137,7.004],"to":[3.5605,9.2863,12.004],"rotation":{"origin":[3.51051,5.28633,9.50397],"axis":"z","angle":-22.5},"faces":{"west":{"uv":[2.7500025,7.2500025,3.9999975,9.75],"texture":"#main"},"east":{"uv":[3.9999975,7.2500025,5.25,9.75],"texture":"#main"}}},{"from":[13.4605,-0.7137,7.004],"to":[13.5605,9.2863,12.004],"rotation":{"origin":[13.51051,5.28633,9.50397],"axis":"z","angle":22.5},"faces":{"west":{"uv":[3.9999975,7.2500025,5.25,9.75],"texture":"#main"},"east":{"uv":[3.9999975,7.2500025,5.25,9.75],"texture":"#main"}}}],"display":{"thirdperson_righthand":{"translation":[0,2.7826,0],"scale":[0.7,0.6304,0.7]},"thirdperson_lefthand":{"translation":[0,2.7826,0],"scale":[0.7,0.6304,0.7]},"firstperson_righthand":{"rotation":[5,125,-14],"translation":[2.0869,6.2608,-3.478]},"firstperson_lefthand":{"rotation":[5,125,-14],"translation":[2.0869,4.8695,-3.478]},"gui":{"rotation":[14,143,-1],"translation":[0.6956,0.0628,0],"scale":[0.8,0.8,0.8]},"head":{"translation":[-1,8.3478,0],"scale":[2.1,1.7,1.826]}},"__comment":"Model animated using Fizzy's model animator - http://fizzy81.github.io/animated-models/"}