{"credit":"Made with Blockbench","texture_size":[32,32],"textures":{"0":"block/sunglasses","particle":"block/sunglasses"},"elements":[{"from":[4,2,5],"to":[12,7,5],"faces":{"north":{"uv":[0,0,5,2.5],"texture":"#0"},"east":{"uv":[0,0,0,2.5],"texture":"#0"},"south":{"uv":[0,2.5,5,5],"texture":"#0"},"west":{"uv":[0,0,0,2.5],"texture":"#0"},"up":{"uv":[0,0,5,0],"texture":"#0"},"down":{"uv":[0,0,5,0],"texture":"#0"}}},{"from":[4,2,5],"to":[4,7,14],"faces":{"north":{"uv":[0,0,0,2.5],"texture":"#0"},"east":{"uv":[0,5,4.5,7.5],"texture":"#0"},"south":{"uv":[0,0,0,2.5],"texture":"#0"},"west":{"uv":[4.5,5,9,7.5],"texture":"#0"},"up":{"uv":[0,0,4.5,0],"texture":"#0"},"down":{"uv":[0,0,4.5,0],"texture":"#0"}}},{"from":[12,2,5],"to":[12,7,14],"faces":{"north":{"uv":[0,0,0,2.5],"texture":"#0"},"east":{"uv":[5,0,9.5,2.5],"texture":"#0"},"south":{"uv":[0,0,0,2.5],"texture":"#0"},"west":{"uv":[5,2.5,9.5,5],"texture":"#0"},"up":{"uv":[0,0,4.5,0],"texture":"#0"},"down":{"uv":[0,0,4.5,0],"texture":"#0"}}}],"display":{"head":{"translation":[0,7.25,0],"scale":[1.80469,1.78711,2.42383]}}}