{"textures":{"0":"cosmetics/zapdos_wings"},"elements":[{"from":[2,8,9],"to":[6,20,13],"faces":{"down":{"uv":[8.75,6.25,9.75,7.25],"texture":"#0","rotation":90},"up":{"uv":[8.75,6.25,9.75,7.25],"texture":"#0","rotation":270},"north":{"uv":[8.75,3,9.75,6],"texture":"#0"},"south":{"uv":[8.75,3,9.75,6],"texture":"#0"},"west":{"uv":[8.75,3,9.75,6],"texture":"#0"},"east":{"uv":[8.75,3,9.75,6],"texture":"#0"}}},{"from":[1.0007,-5.8911,14.4635],"to":[15.0007,8.1089,14.5635],"rotation":{"origin":[12.00073,0.1089,12.46345],"axis":"x","angle":-22.5},"faces":{"up":{"uv":[0,0,14,0],"texture":"#0"},"north":{"uv":[10.25,5.25,13.75,8.75],"texture":"#0"},"south":{"uv":[10.25,5.25,13.75,8.75],"texture":"#0"}}},{"from":[3.5,9,12],"to":[6.5,12,15],"faces":{"down":{"uv":[10.25,3.25,11,4],"texture":"#0"},"up":{"uv":[10.25,3.25,11,4],"texture":"#0"},"north":{"uv":[10.25,3.25,11,4],"texture":"#0"},"south":{"uv":[10.25,3.25,11,4],"texture":"#0"},"west":{"uv":[10.25,3.25,11,4],"texture":"#0"},"east":{"uv":[10.25,3.25,11,4],"texture":"#0"}}},{"from":[-12.9966,9.8168,10.7679],"to":[3.003407,25.8168,10.8679],"faces":{"north":{"uv":[4.25,4.5,8.25,8.5],"texture":"#0"},"south":{"uv":[0.25,9.25,4.25,13.25],"texture":"#0"}}},{"from":[14,9.8168,10.7679],"to":[30,25.8168,10.8679],"faces":{"north":{"uv":[0,4.5,4,8.5],"texture":"#0"},"south":{"uv":[4.25,9.25,8.25,13.25],"texture":"#0"}}},{"from":[6,8,9],"to":[10,20,13],"faces":{"down":{"uv":[8.75,6.25,9.75,7.25],"texture":"#0","rotation":90},"up":{"uv":[8.75,6.25,9.75,7.25],"texture":"#0","rotation":270},"north":{"uv":[8.75,3,9.75,6],"texture":"#0"},"south":{"uv":[8.75,3,9.75,6],"texture":"#0"},"west":{"uv":[8.75,3,9.75,6],"texture":"#0"},"east":{"uv":[8.75,3,9.75,6],"texture":"#0"}}},{"from":[10,8,9],"to":[14,20,13],"faces":{"down":{"uv":[8.75,6.25,9.75,7.25],"texture":"#0","rotation":90},"up":{"uv":[8.75,6.25,9.75,7.25],"texture":"#0","rotation":270},"north":{"uv":[8.75,3,9.75,6],"texture":"#0"},"south":{"uv":[8.75,3,9.75,6],"texture":"#0"},"west":{"uv":[8.75,3,9.75,6],"texture":"#0"},"east":{"uv":[8.75,3,9.75,6],"texture":"#0"}}},{"from":[3,20,9],"to":[13,23,13],"faces":{"down":{"uv":[8.75,6.25,9.75,7.25],"texture":"#0","rotation":90},"up":{"uv":[8.75,6.25,9.75,7.25],"texture":"#0","rotation":270},"north":{"uv":[8.75,3,9.5,5.5],"texture":"#0","rotation":90},"south":{"uv":[8.75,3,9.5,5.5],"texture":"#0","rotation":90},"west":{"uv":[8.75,4.75,9.5,5.5],"texture":"#0","rotation":90},"east":{"uv":[8.75,4.75,9.5,5.5],"texture":"#0","rotation":90}}},{"from":[6.5,8.9956,12.0044],"to":[9.5,11.9956,15.0044],"faces":{"down":{"uv":[10.25,3.25,11,4],"texture":"#0"},"up":{"uv":[10.25,3.25,11,4],"texture":"#0"},"north":{"uv":[10.25,3.25,11,4],"texture":"#0"},"south":{"uv":[10.25,3.25,11,4],"texture":"#0"},"west":{"uv":[10.25,3.25,11,4],"texture":"#0"},"east":{"uv":[10.25,3.25,11,4],"texture":"#0"}}},{"from":[9.5,8.9956,12.0044],"to":[12.5,11.9956,15.0044],"faces":{"down":{"uv":[10.25,3.25,11,4],"texture":"#0"},"up":{"uv":[10.25,3.25,11,4],"texture":"#0"},"north":{"uv":[10.25,3.25,11,4],"texture":"#0"},"south":{"uv":[10.25,3.25,11,4],"texture":"#0"},"west":{"uv":[10.25,3.25,11,4],"texture":"#0"},"east":{"uv":[10.25,3.25,11,4],"texture":"#0"}}},{"from":[9.5,11.9956,12.0044],"to":[12.5,14.9956,15.0044],"faces":{"down":{"uv":[10.25,3.25,11,4],"texture":"#0"},"up":{"uv":[10.25,3.25,11,4],"texture":"#0"},"north":{"uv":[10.25,3.25,11,4],"texture":"#0"},"south":{"uv":[10.25,3.25,11,4],"texture":"#0"},"west":{"uv":[10.25,3.25,11,4],"texture":"#0"},"east":{"uv":[10.25,3.25,11,4],"texture":"#0"}}},{"from":[6.5,11.9956,12.0044],"to":[9.5,14.9956,15.0044],"faces":{"down":{"uv":[10.25,3.25,11,4],"texture":"#0"},"up":{"uv":[10.25,3.25,11,4],"texture":"#0"},"north":{"uv":[10.25,3.25,11,4],"texture":"#0"},"south":{"uv":[10.25,3.25,11,4],"texture":"#0"},"west":{"uv":[10.25,3.25,11,4],"texture":"#0"},"east":{"uv":[10.25,3.25,11,4],"texture":"#0"}}},{"from":[3.5,12,12],"to":[6.5,15,15],"faces":{"down":{"uv":[10.25,3.25,11,4],"texture":"#0"},"up":{"uv":[10.25,3.25,11,4],"texture":"#0"},"north":{"uv":[10.25,3.25,11,4],"texture":"#0"},"south":{"uv":[10.25,3.25,11,4],"texture":"#0"},"west":{"uv":[10.25,3.25,11,4],"texture":"#0"},"east":{"uv":[10.25,3.25,11,4],"texture":"#0"}}},{"from":[2,8,3],"to":[3,9,9],"faces":{"down":{"uv":[8.75,4.75,9.5,5.5],"texture":"#0","rotation":90},"up":{"uv":[8.75,4.75,9.5,5.5],"texture":"#0","rotation":90},"north":{"uv":[8.75,4.75,9.5,5.5],"texture":"#0","rotation":90},"south":{"uv":[8.75,4.75,9.5,5.5],"texture":"#0","rotation":90},"west":{"uv":[8.75,4.75,9.5,5.5],"texture":"#0","rotation":90},"east":{"uv":[8.75,4.75,9.5,5.5],"texture":"#0","rotation":90}}},{"from":[2,19,3],"to":[3,20,9],"faces":{"down":{"uv":[8.75,4.75,9.5,5.5],"texture":"#0","rotation":90},"up":{"uv":[8.75,4.75,9.5,5.5],"texture":"#0","rotation":90},"north":{"uv":[8.75,4.75,9.5,5.5],"texture":"#0","rotation":90},"south":{"uv":[8.75,4.75,9.5,5.5],"texture":"#0","rotation":90},"west":{"uv":[8.75,4.75,9.5,5.5],"texture":"#0","rotation":90},"east":{"uv":[8.75,4.75,9.5,5.5],"texture":"#0","rotation":90}}},{"from":[13,19,3],"to":[14,20,9],"faces":{"down":{"uv":[8.75,4.75,9.5,5.5],"texture":"#0","rotation":90},"up":{"uv":[8.75,4.75,9.5,5.5],"texture":"#0","rotation":90},"north":{"uv":[8.75,4.75,9.5,5.5],"texture":"#0","rotation":90},"south":{"uv":[8.75,4.75,9.5,5.5],"texture":"#0","rotation":90},"west":{"uv":[8.75,4.75,9.5,5.5],"texture":"#0","rotation":90},"east":{"uv":[8.75,4.75,9.5,5.5],"texture":"#0","rotation":90}}},{"from":[13,8,3],"to":[14,9,9],"faces":{"down":{"uv":[2.25,2,2.75,2.5],"texture":"#0"},"up":{"uv":[2.25,2,2.75,2.5],"texture":"#0"},"north":{"uv":[2.25,2,2.75,2.5],"texture":"#0"},"south":{"uv":[2.25,2,2.75,2.5],"texture":"#0"},"west":{"uv":[2.25,2,2.75,2.5],"texture":"#0"},"east":{"uv":[2.25,2,2.75,2.5],"texture":"#0"}}},{"from":[13,9,3],"to":[14,19,4],"faces":{"down":{"uv":[8.75,4.75,9.5,5.5],"texture":"#0","rotation":90},"up":{"uv":[8.75,4.75,9.5,5.5],"texture":"#0","rotation":90},"north":{"uv":[8.75,4.75,9.5,5.5],"texture":"#0","rotation":90},"south":{"uv":[8.75,4.75,9.5,5.5],"texture":"#0","rotation":90},"west":{"uv":[8.75,4.75,9.5,5.5],"texture":"#0","rotation":90},"east":{"uv":[8.75,4.75,9.5,5.5],"texture":"#0","rotation":90}}},{"from":[2,9,3],"to":[3,19,4],"faces":{"down":{"uv":[8.75,4.75,9.5,5.5],"texture":"#0","rotation":90},"up":{"uv":[8.75,4.75,9.5,5.5],"texture":"#0","rotation":90},"north":{"uv":[8.75,4.75,9.5,5.5],"texture":"#0","rotation":90},"south":{"uv":[8.75,4.75,9.5,5.5],"texture":"#0","rotation":90},"west":{"uv":[8.75,4.75,9.5,5.5],"texture":"#0","rotation":90},"east":{"uv":[8.75,4.75,9.5,5.5],"texture":"#0","rotation":90}}}],"display":{"thirdperson_righthand":{"scale":[0.0001,0.0001,0.0001]},"thirdperson_lefthand":{"rotation":[70,0,0],"translation":[-6,-5.5,4.3121],"scale":[0.75,0.75,0.75]},"firstperson_righthand":{"scale":[0.0001,0.0001,0.0001]},"firstperson_lefthand":{"scale":[0.0001,0.0001,0.0001]},"gui":{"rotation":[30,-42,0],"translation":[0.8913,-1.2,0.6956],"scale":[0.4499,0.4151,0.45]},"head":{"translation":[0.05,-19.53,-34],"scale":[1.15,1.15,1.15]},"ground":{"scale":[0.0001,0.0001,0.0001]},"fixed":{"scale":[0.0001,0.0001,0.0001]}}}