{"textures":{"0":"cosmetics/eeve_bag","particle":"cosmetics/eeve_bag"},"elements":[{"from":[5.5,0.5,5],"to":[11.5,9.5,11],"faces":{"down":{"uv":[5,0,6.5,1.5],"texture":"#0","rotation":270},"up":{"uv":[5,0,6.5,1.5],"texture":"#0","rotation":270},"north":{"uv":[0,0,2.25,1.5],"texture":"#0","rotation":90},"south":{"uv":[2.5,0,4.75,1.5],"texture":"#0","rotation":270},"west":{"uv":[2.5,0,4.75,1.5],"texture":"#0","rotation":270},"east":{"uv":[2.5,0,4.75,1.5],"texture":"#0","rotation":270}}},{"from":[9,5,4],"to":[12,10,12],"faces":{"down":{"uv":[1.75,8.5,3.75,9.25],"texture":"#0","rotation":90},"up":{"uv":[1.75,8.5,3.75,9.25],"texture":"#0","rotation":90},"north":{"uv":[4,8.25,4.75,9.5],"texture":"#0"},"south":{"uv":[4,8.25,4.75,9.5],"texture":"#0"},"west":{"uv":[1.75,8.25,3.75,9.5],"texture":"#0"},"east":{"uv":[1.75,8.25,3.75,9.5],"texture":"#0"}}},{"from":[7,-4,5.5],"to":[12,2,10.5],"rotation":{"origin":[9.5,-2,8],"axis":"z","angle":22.5},"faces":{"down":{"uv":[0.25,5.25,1.25,6.5],"texture":"#0","rotation":180},"up":{"uv":[0,0,5,5],"texture":"#0","rotation":180},"north":{"uv":[0,1.75,1.25,3.25],"texture":"#0","rotation":180},"south":{"uv":[0,1.75,1.25,3.25],"texture":"#0","rotation":180},"west":{"uv":[1.5,3.5,2.75,5],"texture":"#0","rotation":180},"east":{"uv":[0,3.5,1.25,5],"texture":"#0","rotation":180}}},{"from":[10.6667,-6.6609,6.5058],"to":[13.6667,-3.660897,9.5058],"rotation":{"origin":[12.16673,-9.66093,8.00581],"axis":"z","angle":22.5},"faces":{"down":{"uv":[2.5,5.75,3.25,6.5],"texture":"#0","rotation":180},"up":{"uv":[0,0,3,3],"texture":"#0","rotation":180},"north":{"uv":[1.5,5.75,2.25,6.5],"texture":"#0","rotation":180},"south":{"uv":[1.5,5.75,2.25,6.5],"texture":"#0","rotation":180},"west":{"uv":[1.5,5.75,2.25,6.5],"texture":"#0","rotation":180},"east":{"uv":[1.5,5.75,2.25,6.5],"texture":"#0","rotation":180}}},{"from":[12,2,4],"to":[12.1,5,12],"faces":{"west":{"uv":[1.75,9.75,3.75,10.5],"texture":"#0"},"east":{"uv":[1.75,9.75,3.75,10.5],"texture":"#0"}}},{"from":[7.9087,12.9115,9.5296],"to":[8.0087,19.9115,12.5296],"rotation":{"origin":[7.95868,16.41148,11.02958],"axis":"x","angle":45},"faces":{"west":{"uv":[5.5,5.25,6.25,7],"texture":"#0"},"east":{"uv":[4.5,5.25,5.25,7],"texture":"#0"}}},{"from":[7.9087,12.9115,3.5296],"to":[8.0087,19.9115,6.5296],"rotation":{"origin":[7.95868,16.41148,5.02958],"axis":"x","angle":-45},"faces":{"west":{"uv":[5.5,5.25,6.25,7],"texture":"#0"},"east":{"uv":[4.5,5.25,5.25,7],"texture":"#0"}}},{"from":[5.5,9.5,5],"to":[11.5,15.5,11],"faces":{"down":{"uv":[5,0,6.5,1.5],"texture":"#0","rotation":270},"up":{"uv":[0,0,1.25,1.5],"texture":"#0","rotation":90},"north":{"uv":[0,0,1.25,1.5],"texture":"#0","rotation":90},"south":{"uv":[0,0,1.25,1.5],"texture":"#0","rotation":90},"west":{"uv":[0,0,1.25,1.5],"texture":"#0","rotation":90},"east":{"uv":[2.5,0,4.75,1.5],"texture":"#0","rotation":270}}},{"from":[5.5,0.5,2],"to":[11.5,9.5,5],"faces":{"down":{"uv":[2.75,0,3.25,1.5],"texture":"#0","rotation":270},"up":{"uv":[2.75,0,3.25,1.5],"texture":"#0","rotation":270},"north":{"uv":[0,0,2.25,1.5],"texture":"#0","rotation":90},"south":{"uv":[2.5,0,4.75,1.5],"texture":"#0","rotation":270},"west":{"uv":[2.5,0,3.25,1.5],"texture":"#0","rotation":180},"east":{"uv":[2.5,0,3.25,1.5],"texture":"#0"}}},{"from":[5.5,9.5,3],"to":[11.5,15.5,5],"faces":{"down":{"uv":[5,0,6.5,1.5],"texture":"#0","rotation":270},"up":{"uv":[2.75,0,3.25,1.5],"texture":"#0","rotation":270},"north":{"uv":[0,0,1.25,1.5],"texture":"#0","rotation":90},"south":{"uv":[0,0,1.25,1.5],"texture":"#0","rotation":90},"west":{"uv":[3.25,0,3.75,1.5],"texture":"#0"},"east":{"uv":[3.25,0,3.75,1.5],"texture":"#0"}}},{"from":[5.5,0.5,11],"to":[11.5,9.5,14],"faces":{"down":{"uv":[2.75,0,3.25,1.5],"texture":"#0","rotation":270},"up":{"uv":[2.75,0,3.25,1.5],"texture":"#0","rotation":270},"north":{"uv":[0,0,2.25,1.5],"texture":"#0","rotation":90},"south":{"uv":[2.5,0,4.75,1.5],"texture":"#0","rotation":270},"west":{"uv":[2.5,0,3.25,1.5],"texture":"#0"},"east":{"uv":[2.5,0,3.25,1.5],"texture":"#0","rotation":180}}},{"from":[5.5,9.5,11],"to":[11.5,15.5,13],"faces":{"down":{"uv":[5,0,6.5,1.5],"texture":"#0","rotation":270},"up":{"uv":[2.75,0,3.25,1.5],"texture":"#0","rotation":270},"north":{"uv":[0,0,1.25,1.5],"texture":"#0","rotation":90},"south":{"uv":[0,0,1.25,1.5],"texture":"#0","rotation":90},"west":{"uv":[3.25,0,3.75,1.5],"texture":"#0"},"east":{"uv":[3.25,0,3.75,1.5],"texture":"#0"}}},{"from":[0.5,3,3],"to":[5.5,4,4],"faces":{"down":{"uv":[0,0,0.25,0.25],"texture":"#0"},"up":{"uv":[0,0,0.25,0.25],"texture":"#0"},"north":{"uv":[0,0,0.25,0.25],"texture":"#0"},"south":{"uv":[0,0,0.25,0.25],"texture":"#0"},"west":{"uv":[0,0,0.25,0.25],"texture":"#0"},"east":{"uv":[0,0,0.25,0.25],"texture":"#0"}}},{"from":[0.5,13,3],"to":[5.5,14,4],"faces":{"down":{"uv":[0,0,0.25,0.25],"texture":"#0"},"up":{"uv":[0,0,0.25,0.25],"texture":"#0"},"north":{"uv":[0,0,0.25,0.25],"texture":"#0"},"south":{"uv":[0,0,0.25,0.25],"texture":"#0"},"west":{"uv":[0,0,0.25,0.25],"texture":"#0"},"east":{"uv":[0,0,0.25,0.25],"texture":"#0"}}},{"from":[0.5,4,3],"to":[1.5,13,4],"faces":{"down":{"uv":[0,0,0.25,0.25],"texture":"#0"},"up":{"uv":[0,0,0.25,0.25],"texture":"#0"},"north":{"uv":[0,0,0.25,0.25],"texture":"#0"},"south":{"uv":[0,0,0.25,0.25],"texture":"#0"},"west":{"uv":[0,0,0.25,0.25],"texture":"#0"},"east":{"uv":[0,0,0.25,0.25],"texture":"#0"}}},{"from":[0.5,13,12],"to":[5.5,14,13],"faces":{"down":{"uv":[0,0,0.25,0.25],"texture":"#0"},"up":{"uv":[0,0,0.25,0.25],"texture":"#0"},"north":{"uv":[0,0,0.25,0.25],"texture":"#0"},"south":{"uv":[0,0,0.25,0.25],"texture":"#0"},"west":{"uv":[0,0,0.25,0.25],"texture":"#0"},"east":{"uv":[0,0,0.25,0.25],"texture":"#0"}}},{"from":[0.5,4,12],"to":[1.5,13,13],"faces":{"down":{"uv":[0,0,0.25,0.25],"texture":"#0"},"up":{"uv":[0,0,0.25,0.25],"texture":"#0"},"north":{"uv":[0,0,0.25,0.25],"texture":"#0"},"south":{"uv":[0,0,0.25,0.25],"texture":"#0"},"west":{"uv":[0,0,0.25,0.25],"texture":"#0"},"east":{"uv":[0,0,0.25,0.25],"texture":"#0"}}},{"from":[0.5,3,12],"to":[5.5,4,13],"faces":{"down":{"uv":[0,0,0.25,0.25],"texture":"#0"},"up":{"uv":[0,0,0.25,0.25],"texture":"#0"},"north":{"uv":[0,0,0.25,0.25],"texture":"#0"},"south":{"uv":[0,0,0.25,0.25],"texture":"#0"},"west":{"uv":[0,0,0.25,0.25],"texture":"#0"},"east":{"uv":[0,0,0.25,0.25],"texture":"#0"}}}],"display":{"thirdperson_righthand":{"scale":[0.0001,0.0001,0.0001]},"thirdperson_lefthand":{"rotation":[70,90,0],"translation":[-6,-6.953,9.0434],"scale":[0.9,0.9,0.9]},"firstperson_righthand":{"scale":[0,0,0]},"firstperson_lefthand":{"scale":[0,0,0]},"gui":{"rotation":[30,45,0],"translation":[0.5,0.6956,0],"scale":[0.6,0.6,0.6]},"head":{"rotation":[0,-90,0],"translation":[0,-14.66,-30],"scale":[1.5,1.5,1.5]},"ground":{"scale":[0.0001,0.0001,0.0001]},"fixed":{"scale":[0.0001,0.0001,0.0001]}}}