{
	"credit": "Made with Blockbench",
	"elements": [
		{
			"from": [-16, -16, 31.9375],
			"to": [32, 32, 32],
			"faces": {
				"north": {"uv": [16, 16, 0, 0], "rotation": 180, "texture": "#texture"},
				"south": {"uv": [16, 16, 0, 0], "rotation": 180, "texture": "#texture"}
			}
		}
	],
	"gui_light": "front",
	"display": {
		"thirdperson_righthand": {
			"scale": [0, 0, 0]
		},
		"thirdperson_lefthand": {
			"scale": [0, 0, 0]
		},
		"firstperson_righthand": {
			"scale": [0, 0, 0]
		},
		"firstperson_lefthand": {
			"scale": [0, 0, 0]
		},
		"gui": {
			"translation": [0, 16, 1]
		}
	}
}