{
	"credit": "Made with Blockbench",
	"texture_size": [32, 32],
	"textures": {
		"1": "cosmetics/silvio_orange",
		"2": "cosmetics/silvio_logo",
		"particle": "cosmetics/silvio_logo"
	},
	"elements": [
		{
			"from": [6, 0, 4],
			"to": [10, 5, 7],
			"faces": {
				"north": {"uv": [0, 0, 2, 2.5], "texture": "#1"},
				"east": {"uv": [0, 2.5, 1.5, 5], "texture": "#1"},
				"south": {"uv": [2, 0, 4, 2.5], "texture": "#1"},
				"west": {"uv": [1.5, 2.5, 3, 5], "texture": "#1"},
				"up": {"uv": [5, 4, 3, 2.5], "texture": "#1"},
				"down": {"uv": [6, 0, 4, 1.5], "texture": "#1"}
			}
		},
		{
			"from": [6.5, 5, 4.5],
			"to": [9.5, 5.75, 7],
			"faces": {
				"north": {"uv": [0, 6.5, 1.5, 7], "texture": "#1"},
				"east": {"uv": [6.5, 1.5, 7.75, 2], "texture": "#1"},
				"south": {"uv": [1.5, 6.5, 3, 7], "texture": "#1"},
				"west": {"uv": [6.5, 2, 7.75, 2.5], "texture": "#1"},
				"up": {"uv": [4.5, 5.25, 3, 4], "texture": "#1"},
				"down": {"uv": [6, 4, 4.5, 5.25], "texture": "#1"}
			}
		},
		{
			"from": [5.5, 0.1, 4.5],
			"to": [6, 3.1, 6.75],
			"rotation": {"angle": 0, "axis": "y", "origin": [0, 0.1, 0]},
			"faces": {
				"north": {"uv": [1, 7, 1.25, 8.5], "texture": "#1"},
				"east": {"uv": [0, 5, 1.25, 6.5], "texture": "#1"},
				"south": {"uv": [1.5, 7, 1.75, 8.5], "texture": "#1"},
				"west": {"uv": [1.5, 5, 2.75, 6.5], "texture": "#1"},
				"up": {"uv": [7.25, 3.75, 7, 2.5], "texture": "#1"},
				"down": {"uv": [3.25, 7, 3, 8.25], "texture": "#1"}
			}
		},
		{
			"from": [10, 0.1, 4.5],
			"to": [10.5, 3.1, 6.75],
			"rotation": {"angle": 0, "axis": "y", "origin": [0, 0.1, 0]},
			"faces": {
				"north": {"uv": [2, 7, 2.25, 8.5], "texture": "#1"},
				"east": {"uv": [5, 1.5, 6.25, 3], "texture": "#1"},
				"south": {"uv": [2.5, 7, 2.75, 8.5], "texture": "#1"},
				"west": {"uv": [3, 5.5, 4.25, 7], "texture": "#1"},
				"up": {"uv": [3.75, 8.25, 3.5, 7], "texture": "#1"},
				"down": {"uv": [4.25, 7, 4, 8.25], "texture": "#1"}
			}
		},
		{
			"from": [6.25, 0, 3.25],
			"to": [9.75, 1.75, 4],
			"faces": {
				"north": {"uv": [5, 3, 6.75, 4], "texture": "#1"},
				"east": {"uv": [4, 1.5, 4.5, 2.5], "texture": "#1"},
				"south": {"uv": [4.5, 5.5, 6.25, 6.5], "texture": "#1"},
				"west": {"uv": [4.5, 1.5, 5, 2.5], "texture": "#1"},
				"up": {"uv": [7.75, 0.5, 6, 0], "texture": "#1"},
				"down": {"uv": [7.75, 0.5, 6, 1], "texture": "#1"}
			}
		},
		{
			"from": [6.15, 1.75, 3],
			"to": [9.85, 2.75, 4],
			"faces": {
				"north": {"uv": [6, 1, 7.75, 1.5], "texture": "#1"},
				"east": {"uv": [6.5, 2.5, 7, 3], "texture": "#1"},
				"south": {"uv": [6, 4, 7.75, 4.5], "texture": "#1"},
				"west": {"uv": [7, 5.5, 7.5, 6], "texture": "#1"},
				"up": {"uv": [7.75, 5, 6, 4.5], "texture": "#1"},
				"down": {"uv": [7.75, 5, 6, 5.5], "texture": "#1"}
			}
		},
		{
			"from": [6.1, 1.425, 7.9],
			"to": [6.8, 3.475, 8.425],
			"rotation": {"angle": 0, "axis": "y", "origin": [-0.175, 0, -0.35]},
			"faces": {
				"north": {"uv": [7, 6, 7.25, 7], "texture": "#1"},
				"east": {"uv": [7, 7, 7.25, 8], "texture": "#1"},
				"south": {"uv": [7.5, 2.5, 7.75, 3.5], "texture": "#1"},
				"west": {"uv": [4.5, 7.5, 4.75, 8.5], "texture": "#1"},
				"up": {"uv": [8.25, 8.25, 8, 8], "texture": "#1"},
				"down": {"uv": [8.75, 0, 8.5, 0.25], "texture": "#1"}
			}
		},
		{
			"from": [6.075, 3, 7.275],
			"to": [6.825, 5, 7.775],
			"rotation": {"angle": -45, "axis": "x", "origin": [6.575, 4, 7.525]},
			"faces": {
				"north": {"uv": [4.5, 6.5, 5, 7.5], "texture": "#1"},
				"east": {"uv": [5, 7.5, 5.25, 8.5], "texture": "#1"},
				"south": {"uv": [5, 6.5, 5.5, 7.5], "texture": "#1"},
				"west": {"uv": [5.5, 7.5, 5.75, 8.5], "texture": "#1"},
				"up": {"uv": [8, 3.75, 7.5, 3.5], "texture": "#1"},
				"down": {"uv": [8.5, 3, 8, 3.25], "texture": "#1"}
			}
		},
		{
			"from": [6.075, -0.1, 7.275],
			"to": [6.825, 1.9, 7.775],
			"rotation": {"angle": 45, "axis": "x", "origin": [6.575, 0.9, 7.525]},
			"faces": {
				"north": {"uv": [5.5, 6.5, 6, 7.5], "texture": "#1"},
				"east": {"uv": [7.5, 5.5, 7.75, 6.5], "texture": "#1"},
				"south": {"uv": [6.5, 5.5, 7, 6.5], "texture": "#1"},
				"west": {"uv": [6, 7.5, 6.25, 8.5], "texture": "#1"},
				"up": {"uv": [8.5, 3.75, 8, 3.5], "texture": "#1"},
				"down": {"uv": [8.5, 4, 8, 4.25], "texture": "#1"}
			}
		},
		{
			"from": [9.2, 3, 7.275],
			"to": [9.95, 5, 7.775],
			"rotation": {"angle": -45, "axis": "x", "origin": [9.7, 4, 7.525]},
			"faces": {
				"north": {"uv": [6, 6.5, 6.5, 7.5], "texture": "#1"},
				"east": {"uv": [6.5, 7.5, 6.75, 8.5], "texture": "#1"},
				"south": {"uv": [6.5, 6.5, 7, 7.5], "texture": "#1"},
				"west": {"uv": [7.5, 6.5, 7.75, 7.5], "texture": "#1"},
				"up": {"uv": [8.5, 4.75, 8, 4.5], "texture": "#1"},
				"down": {"uv": [8.5, 5, 8, 5.25], "texture": "#1"}
			}
		},
		{
			"from": [9.225, 1.425, 7.9],
			"to": [9.925, 3.475, 8.425],
			"rotation": {"angle": 0, "axis": "y", "origin": [2.95, 0, -0.35]},
			"faces": {
				"north": {"uv": [7.5, 7.5, 7.75, 8.5], "texture": "#1"},
				"east": {"uv": [0, 8, 0.25, 9], "texture": "#1"},
				"south": {"uv": [8, 0, 8.25, 1], "texture": "#1"},
				"west": {"uv": [0.5, 8, 0.75, 9], "texture": "#1"},
				"up": {"uv": [8.75, 0.75, 8.5, 0.5], "texture": "#1"},
				"down": {"uv": [1.25, 8.5, 1, 8.75], "texture": "#1"}
			}
		},
		{
			"from": [9.2, -0.1, 7.275],
			"to": [9.95, 1.9, 7.775],
			"rotation": {"angle": 45, "axis": "x", "origin": [9.7, 0.9, 7.525]},
			"faces": {
				"north": {"uv": [0, 7, 0.5, 8], "texture": "#1"},
				"east": {"uv": [8, 1, 8.25, 2], "texture": "#1"},
				"south": {"uv": [0.5, 7, 1, 8], "texture": "#1"},
				"west": {"uv": [8, 2, 8.25, 3], "texture": "#1"},
				"up": {"uv": [8.5, 5.75, 8, 5.5], "texture": "#1"},
				"down": {"uv": [8.5, 6, 8, 6.25], "texture": "#1"}
			}
		},
		{
			"from": [6.5, 0.8, 3.1],
			"to": [7, 1.8, 3.1],
			"rotation": {"angle": 0, "axis": "y", "origin": [6, 0.8, 3.1]},
			"faces": {
				"north": {"uv": [8, 6.5, 8.25, 7], "texture": "#1"},
				"east": {"uv": [0, 0, 0, 0.5], "texture": "#1"},
				"south": {"uv": [7, 8, 7.25, 8.5], "texture": "#1"},
				"west": {"uv": [0, 0, 0, 0.5], "texture": "#1"},
				"up": {"uv": [0.25, 0, 0, 0], "texture": "#1"},
				"down": {"uv": [0.25, 0, 0, 0], "texture": "#1"}
			}
		},
		{
			"from": [10.15, 3.8, 4.2],
			"to": [10.15, 4.8, 4.7],
			"rotation": {"angle": 22.5, "axis": "z", "origin": [10.15, 4.3, 4.45]},
			"faces": {
				"north": {"uv": [0, 0, 0, 0.5], "texture": "#1"},
				"east": {"uv": [8, 7, 8.25, 7.5], "texture": "#1"},
				"south": {"uv": [0, 0, 0, 0.5], "texture": "#1"},
				"west": {"uv": [8, 7.5, 8.25, 8], "texture": "#1"},
				"up": {"uv": [0, 0.25, 0, 0], "texture": "#1"},
				"down": {"uv": [0, 0, 0, 0.25], "texture": "#1"}
			}
		},
		{
			"from": [7, 3, 3.975],
			"to": [9, 5, 3.975],
			"rotation": {"angle": 0, "axis": "y", "origin": [8, 3, 3.975]},
			"faces": {
				"north": {"uv": [0, 0, 16, 16], "texture": "#2"},
				"east": {"uv": [0, 0, 0, 1], "texture": "#missing"},
				"south": {"uv": [15, 15, 16, 16], "texture": "#2"},
				"west": {"uv": [0, 0, 0, 1], "texture": "#missing"},
				"up": {"uv": [0, 0, 1, 0], "texture": "#missing"},
				"down": {"uv": [0, 0, 1, 0], "texture": "#missing"}
			}
		}
	],
	"display": {
		"thirdperson_righthand": {
			"translation": [0, 4.25, 1.75]
		},
		"thirdperson_lefthand": {
			"rotation": [
				68,
				-180,
				0
			],
			"translation": [
				-6,
				0.5,
				16
			],
			"scale": [
				2,
				2,
				2
			]
		},
		"firstperson_righthand": {
			"scale": [0, 0, 0]
		},
		"firstperson_lefthand": {
			"scale": [0, 0, 0]
		},
		"ground": {
			"translation": [0, 3.75, 2]
		},
		"gui": {
			"rotation": [0, -156, 0],
			"translation": [-1.75, 10.25, 0],
			"scale": [2, 2, 2]
		},
		"head": {
			"rotation": [0, -180, 0],
			"translation": [0, -0.5, 1],
			"scale": [3.4068, 2.77, 2.34]
		},
		"fixed": {
			"translation": [-0.25, 10.25, 0],
			"scale": [2, 2, 2]
		}
	},
	"groups": [
		{
			"name": "group",
			"origin": [9.7, 0.9, 7.525],
			"color": 0,
			"children": [0, 1, 2, 3, 4, 5, 6, 7, 8, 9, 10, 11, 12, 13]
		},
		14
	]
}