{"textures":{"main":"cosmetics/blue_baseball"},"elements":[{"from":[0,0,0],"to":[16,8,16],"faces":{"down":{"uv":[12,0,8,4],"texture":"#main"},"up":{"uv":[8,4,4,0],"texture":"#main"},"north":{"uv":[4,4,8,6],"texture":"#main"},"south":{"uv":[12,4,16,6],"texture":"#main"},"west":{"uv":[8,4,12,6],"texture":"#main"},"east":{"uv":[0,4,4,6],"texture":"#main"}}},{"from":[0,0,-10],"to":[16,2,0],"faces":{"down":{"uv":[10.5,6,6.5,8.5],"texture":"#main"},"up":{"uv":[6.5,8.5,2.5,6],"texture":"#main"},"north":{"uv":[2.5,8.5,6.5,9],"texture":"#main"},"south":{"uv":[9,8.5,13,9],"texture":"#main"},"west":{"uv":[6.5,8.5,9,9],"texture":"#main"},"east":{"uv":[0,8.5,2.5,9],"texture":"#main"}}}],"display":{"thirdperson_righthand":{"scale":[0.0001,0.0001,0.0001]},"thirdperson_lefthand":{"scale":[0.0001,0.0001,0.0001]},"firstperson_righthand":{"scale":[0.0001,0.0001,0.0001]},"firstperson_lefthand":{"scale":[0.0001,0.0001,0.0001]},"gui":{"rotation":[14,131,0],"translation":[1.8,1.3913,0.6956],"scale":[0.5,0.5,0.5]},"head":{"rotation":[16,0,0],"translation":[0,8.3,1.75],"scale":[0.94,0.95,0.99]}},"__comment":"Model animated using Fizzy's model animator - http://fizzy81.github.io/animated-models/"}