{"credit":"Made with Blockbench","textures":{"main":"cosmetics/kidhat"},"elements":[{"from":[4,0,4],"to":[12,4,12],"faces":{"north":{"uv":[2,2,4,3],"texture":"#main"},"east":{"uv":[0,2,2,3],"texture":"#main"},"south":{"uv":[6,2,8,3],"texture":"#main"},"west":{"uv":[4,2,6,3],"texture":"#main"},"up":{"uv":[4,2,2,0],"texture":"#main"},"down":{"uv":[6,0,4,2],"texture":"#main"}}},{"from":[5,4,5],"to":[11,5,11],"faces":{"north":{"uv":[1.5,4.5,3,4.75],"texture":"#main"},"east":{"uv":[0,4.5,1.5,4.75],"texture":"#main"},"south":{"uv":[4.5,4.5,6,4.75],"texture":"#main"},"west":{"uv":[3,4.5,4.5,4.75],"texture":"#main"},"up":{"uv":[3,4.5,1.5,3],"texture":"#main"},"down":{"uv":[4.5,3,3,4.5],"texture":"#main"}}},{"from":[7,5,7],"to":[9,6,9],"faces":{"north":{"uv":[0.5,5.25,1,5.5],"texture":"#main"},"east":{"uv":[0,5.25,0.5,5.5],"texture":"#main"},"south":{"uv":[1.5,5.25,2,5.5],"texture":"#main"},"west":{"uv":[1,5.25,1.5,5.5],"texture":"#main"},"up":{"uv":[1,5.25,0.5,4.75],"texture":"#main"},"down":{"uv":[1.5,4.75,1,5.25],"texture":"#main"}}},{"from":[3,6,7],"to":[13,7,9],"rotation":{"angle":22.5,"axis":"y","origin":[8,8,8]},"faces":{"north":{"uv":[6.5,3.5,9,3.75],"texture":"#main"},"east":{"uv":[6,3.5,6.5,3.75],"texture":"#main"},"south":{"uv":[9.5,3.5,12,3.75],"texture":"#main"},"west":{"uv":[9,3.5,9.5,3.75],"texture":"#main"},"up":{"uv":[9,3.5,6.5,3],"texture":"#main"},"down":{"uv":[11.5,3,9,3.5],"texture":"#main"}}}],"display":{"thirdperson_lefthand":{"rotation":[68,179,0],"translation":[-6,4.5,25],"scale":[0.9,0.8,1]},"head":{"translation":[0,14,0],"scale":[1.3,0.95,1.3]}}}