{
	"credit": "Made with Blockbench",
	"elements": [
		{
			"from": [0, 0, 0],
			"to": [16, 16, 1],
			"color": 3,
			"faces": {
				"north": {"uv": [0, 0, 16, 16], "texture": "#main"},
				"east": {"uv": [0, 0, 1, 16], "texture": "#main"},
				"south": {"uv": [0, 0, 16, 16], "texture": "#main"},
				"west": {"uv": [0, 0, 1, 16], "texture": "#main"},
				"up": {"uv": [0, 0, 16, 1], "texture": "#main"},
				"down": {"uv": [0, 0, 16, 1], "texture": "#main"}
			}
		}
	],
	"gui_light": "front",
	"display": {
		"firstperson_lefthand": {
			"scale": [0.0001, 0.0001, 0.0001]
		},
		"gui": {
			"rotation": [0, 135, 0]
		}
	}
}