{"credit":"Made with Blockbench","textures":{"0":"gameitems/customitems/eggs/shiny_cosmic_egg","particle":"gameitems/customitems/eggs/shiny_cosmic_egg"},"elements":[{"from":[1.75,0,1.75],"to":[14.25,1.25,14.25],"faces":{"north":{"uv":[5.75,3.125,7,3.25],"texture":"#0"},"east":{"uv":[4.5,3.125,5.75,3.25],"texture":"#0"},"south":{"uv":[8.25,3.125,9.5,3.25],"texture":"#0"},"west":{"uv":[7,3.125,8.25,3.25],"texture":"#0"},"up":{"uv":[7,3.125,5.75,1.875],"texture":"#0"},"down":{"uv":[8.25,1.875,7,3.125],"texture":"#0"}}},{"from":[0.5,1.25,0.5],"to":[15.5,5,15.5],"faces":{"north":{"uv":[1.5,1.5,3,1.875],"texture":"#0"},"east":{"uv":[0,1.5,1.5,1.875],"texture":"#0"},"south":{"uv":[4.5,1.5,6,1.875],"texture":"#0"},"west":{"uv":[3,1.5,4.5,1.875],"texture":"#0"},"up":{"uv":[3,1.5,1.5,0],"texture":"#0"},"down":{"uv":[4.5,0,3,1.5],"texture":"#0"}}},{"from":[4.25,5,0.5],"to":[11.75,10,15.5],"faces":{"north":{"uv":[1.5,3.375,2.25,3.875],"texture":"#0"},"east":{"uv":[0,3.375,1.5,3.875],"texture":"#0"},"south":{"uv":[3.75,3.375,4.5,3.875],"texture":"#0"},"west":{"uv":[2.25,3.375,3.75,3.875],"texture":"#0"},"up":{"uv":[2.25,3.375,1.5,1.875],"texture":"#0"},"down":{"uv":[3,1.875,2.25,3.375],"texture":"#0"}}},{"from":[11.75,5,4.25],"to":[15.5,10,11.75],"faces":{"north":{"uv":[3,6,3.375,6.5],"texture":"#0"},"east":{"uv":[2.25,6,3,6.5],"texture":"#0"},"south":{"uv":[4.125,6,4.5,6.5],"texture":"#0"},"west":{"uv":[3.375,6,4.125,6.5],"texture":"#0"},"up":{"uv":[3.375,6,3,5.25],"texture":"#0"},"down":{"uv":[3.75,5.25,3.375,6],"texture":"#0"}}},{"from":[1.75,10,1.75],"to":[14.25,15,14.25],"faces":{"north":{"uv":[7.25,1.25,8.5,1.75],"texture":"#0"},"east":{"uv":[6,1.25,7.25,1.75],"texture":"#0"},"south":{"uv":[9.75,1.25,11,1.75],"texture":"#0"},"west":{"uv":[8.5,1.25,9.75,1.75],"texture":"#0"},"up":{"uv":[8.5,1.25,7.25,0],"texture":"#0"},"down":{"uv":[9.75,0,8.5,1.25],"texture":"#0"}}},{"from":[3,15,3],"to":[13,17.5,13],"faces":{"north":{"uv":[1,4.875,2,5.125],"texture":"#0"},"east":{"uv":[0,4.875,1,5.125],"texture":"#0"},"south":{"uv":[3,4.875,4,5.125],"texture":"#0"},"west":{"uv":[2,4.875,3,5.125],"texture":"#0"},"up":{"uv":[2,4.875,1,3.875],"texture":"#0"},"down":{"uv":[3,3.875,2,4.875],"texture":"#0"}}},{"from":[0.5,5,4.25],"to":[4.25,10,11.75],"faces":{"north":{"uv":[0.75,6,1.125,6.5],"texture":"#0"},"east":{"uv":[0,6,0.75,6.5],"texture":"#0"},"south":{"uv":[1.875,6,2.25,6.5],"texture":"#0"},"west":{"uv":[1.125,6,1.875,6.5],"texture":"#0"},"up":{"uv":[1.125,6,0.75,5.25],"texture":"#0"},"down":{"uv":[1.5,5.25,1.125,6],"texture":"#0"}}},{"from":[1.75,5,11.75],"to":[4.25,10,14.25],"faces":{"north":{"uv":[4.25,6.75,4.5,7.25],"texture":"#0"},"east":{"uv":[4,6.75,4.25,7.25],"texture":"#0"},"south":{"uv":[4.75,6.75,5,7.25],"texture":"#0"},"west":{"uv":[4.5,6.75,4.75,7.25],"texture":"#0"},"up":{"uv":[4.5,6.75,4.25,6.5],"texture":"#0"},"down":{"uv":[4.75,6.5,4.5,6.75],"texture":"#0"}}},{"from":[11.75,5,11.75],"to":[14.25,10,14.25],"faces":{"north":{"uv":[6.25,6.75,6.5,7.25],"texture":"#0"},"east":{"uv":[6,6.75,6.25,7.25],"texture":"#0"},"south":{"uv":[6.75,6.75,7,7.25],"texture":"#0"},"west":{"uv":[6.5,6.75,6.75,7.25],"texture":"#0"},"up":{"uv":[6.5,6.75,6.25,6.5],"texture":"#0"},"down":{"uv":[6.75,6.5,6.5,6.75],"texture":"#0"}}},{"from":[11.75,5,1.75],"to":[14.25,10,4.25],"faces":{"north":{"uv":[3.25,6.75,3.5,7.25],"texture":"#0"},"east":{"uv":[3,6.75,3.25,7.25],"texture":"#0"},"south":{"uv":[3.75,6.75,4,7.25],"texture":"#0"},"west":{"uv":[3.5,6.75,3.75,7.25],"texture":"#0"},"up":{"uv":[3.5,6.75,3.25,6.5],"texture":"#0"},"down":{"uv":[3.75,6.5,3.5,6.75],"texture":"#0"}}},{"from":[1.75,5,1.75],"to":[4.25,10,4.25],"faces":{"north":{"uv":[5.25,6.75,5.5,7.25],"texture":"#0"},"east":{"uv":[5,6.75,5.25,7.25],"texture":"#0"},"south":{"uv":[5.75,6.75,6,7.25],"texture":"#0"},"west":{"uv":[5.5,6.75,5.75,7.25],"texture":"#0"},"up":{"uv":[5.5,6.75,5.25,6.5],"texture":"#0"},"down":{"uv":[5.75,6.5,5.5,6.75],"texture":"#0"}}},{"from":[4.25,17.5,4.25],"to":[11.75,18.75,11.75],"faces":{"north":{"uv":[4.75,4.625,5.5,4.75],"texture":"#0"},"east":{"uv":[4,4.625,4.75,4.75],"texture":"#0"},"south":{"uv":[6.25,4.625,7,4.75],"texture":"#0"},"west":{"uv":[5.5,4.625,6.25,4.75],"texture":"#0"},"up":{"uv":[5.5,4.625,4.75,3.875],"texture":"#0"},"down":{"uv":[6.25,3.875,5.5,4.625],"texture":"#0"}}},{"from":[5,10,-1],"to":[11,11,0],"rotation":{"angle":0,"axis":"y","origin":[8,10,8]},"faces":{"north":{"uv":[7.25,5,8,5.125],"texture":"#0"},"east":{"uv":[7.875,5,8,5.125],"texture":"#0"},"south":{"uv":[7.25,5,8,5.125],"texture":"#0"},"west":{"uv":[7.875,5,8,5.125],"texture":"#0"},"up":{"uv":[7.25,5,8,5.125],"texture":"#0"},"down":{"uv":[7.25,5,8,5.125],"rotation":180,"texture":"#0"}}},{"from":[2,10,0],"to":[5,11,1],"rotation":{"angle":0,"axis":"y","origin":[8,10,8]},"faces":{"north":{"uv":[7.625,5,8,5.125],"texture":"#0"},"east":{"uv":[7.875,5,8,5.125],"texture":"#0"},"south":{"uv":[7.625,5,8,5.125],"texture":"#0"},"west":{"uv":[7.875,5,8,5.125],"texture":"#0"},"up":{"uv":[7.625,5,8,5.125],"rotation":270,"texture":"#0"},"down":{"uv":[7.625,5,8,5.125],"rotation":180,"texture":"#0"}}},{"from":[1,10,1],"to":[2,11,2],"rotation":{"angle":0,"axis":"y","origin":[8,10,8]},"faces":{"north":{"uv":[8,4.875,8.125,5],"texture":"#0"},"east":{"uv":[8,4.875,8.125,5],"texture":"#0"},"south":{"uv":[8,4.875,8.125,5],"texture":"#0"},"west":{"uv":[8,4.875,8.125,5],"texture":"#0"},"up":{"uv":[8,4.875,8.125,5],"rotation":270,"texture":"#0"},"down":{"uv":[8,4.875,8.125,5],"rotation":90,"texture":"#0"}}},{"from":[0,10,2],"to":[1,11,5],"rotation":{"angle":0,"axis":"y","origin":[8,10,8]},"faces":{"north":{"uv":[7.25,5,7.375,5.125],"texture":"#0"},"east":{"uv":[7.625,5,8,5.125],"texture":"#0"},"south":{"uv":[7.25,5,7.375,5.125],"texture":"#0"},"west":{"uv":[7.25,5,7.625,5.125],"texture":"#0"},"up":{"uv":[7.625,5,8,5.125],"rotation":270,"texture":"#0"},"down":{"uv":[7.625,5,8,5.125],"rotation":90,"texture":"#0"}}},{"from":[-1,10,5],"to":[0,11,11],"rotation":{"angle":0,"axis":"y","origin":[8,10,8]},"faces":{"north":{"uv":[7.875,5,8,5.125],"texture":"#0"},"east":{"uv":[7.25,5,8,5.125],"texture":"#0"},"south":{"uv":[7.875,5,8,5.125],"texture":"#0"},"west":{"uv":[7.25,5,8,5.125],"texture":"#0"},"up":{"uv":[7.25,5,8,5.125],"rotation":270,"texture":"#0"},"down":{"uv":[7.25,5,8,5.125],"rotation":270,"texture":"#0"}}},{"from":[0,10,11],"to":[1,11,14],"rotation":{"angle":0,"axis":"y","origin":[8,10,8]},"faces":{"north":{"uv":[7.875,5,8,5.125],"texture":"#0"},"east":{"uv":[7.625,5,8,5.125],"texture":"#0"},"south":{"uv":[7.875,5,8,5.125],"texture":"#0"},"west":{"uv":[7.625,5,8,5.125],"texture":"#0"},"up":{"uv":[7.625,5,8,5.125],"rotation":180,"texture":"#0"},"down":{"uv":[7.625,5,8,5.125],"rotation":270,"texture":"#0"}}},{"from":[1,10,14],"to":[2,11,15],"rotation":{"angle":0,"axis":"y","origin":[8,10,8]},"faces":{"north":{"uv":[8,4.875,8.125,5],"texture":"#0"},"east":{"uv":[8,4.875,8.125,5],"texture":"#0"},"south":{"uv":[8,4.875,8.125,5],"texture":"#0"},"west":{"uv":[8,4.875,8.125,5],"texture":"#0"},"up":{"uv":[8,4.875,8.125,5],"rotation":180,"texture":"#0"},"down":{"uv":[8,4.875,8.125,5],"rotation":180,"texture":"#0"}}},{"from":[2,10,15],"to":[5,11,16],"rotation":{"angle":0,"axis":"y","origin":[8,10,8]},"faces":{"north":{"uv":[7.625,5,8,5.125],"texture":"#0"},"east":{"uv":[7.25,5,7.375,5.125],"texture":"#0"},"south":{"uv":[7.25,5,7.625,5.125],"texture":"#0"},"west":{"uv":[7.25,5,7.375,5.125],"texture":"#0"},"up":{"uv":[7.625,5,8,5.125],"rotation":180,"texture":"#0"},"down":{"uv":[7.625,5,8,5.125],"rotation":180,"texture":"#0"}}},{"from":[5,10,16],"to":[11,11,17],"rotation":{"angle":0,"axis":"y","origin":[8,10,8]},"faces":{"north":{"uv":[7.25,5,8,5.125],"texture":"#0"},"east":{"uv":[7.875,5,8,5.125],"texture":"#0"},"south":{"uv":[7.25,5,8,5.125],"texture":"#0"},"west":{"uv":[7.875,5,8,5.125],"texture":"#0"},"up":{"uv":[7.25,5,8,5.125],"rotation":180,"texture":"#0"},"down":{"uv":[7.25,5,8,5.125],"texture":"#0"}}},{"from":[11,10,15],"to":[14,11,16],"rotation":{"angle":0,"axis":"y","origin":[8,10,8]},"faces":{"north":{"uv":[7.625,5,8,5.125],"texture":"#0"},"east":{"uv":[7.875,5,8,5.125],"texture":"#0"},"south":{"uv":[7.625,5,8,5.125],"texture":"#0"},"west":{"uv":[7.875,5,8,5.125],"texture":"#0"},"up":{"uv":[7.625,5,8,5.125],"rotation":90,"texture":"#0"},"down":{"uv":[7.625,5,8,5.125],"texture":"#0"}}},{"from":[14,10,14],"to":[15,11,15],"rotation":{"angle":0,"axis":"y","origin":[8,10,8]},"faces":{"north":{"uv":[8,4.875,8.125,5],"texture":"#0"},"east":{"uv":[8,4.875,8.125,5],"texture":"#0"},"south":{"uv":[8,4.875,8.125,5],"texture":"#0"},"west":{"uv":[8,4.875,8.125,5],"texture":"#0"},"up":{"uv":[8,4.875,8.125,5],"rotation":90,"texture":"#0"},"down":{"uv":[8,4.875,8.125,5],"rotation":270,"texture":"#0"}}},{"from":[15,10,11],"to":[16,11,14],"rotation":{"angle":0,"axis":"y","origin":[8,10,8]},"faces":{"north":{"uv":[7.25,5,7.375,5.125],"texture":"#0"},"east":{"uv":[7.25,5,7.625,5.125],"texture":"#0"},"south":{"uv":[7.25,5,7.375,5.125],"texture":"#0"},"west":{"uv":[7.625,5,8,5.125],"texture":"#0"},"up":{"uv":[7.625,5,8,5.125],"rotation":90,"texture":"#0"},"down":{"uv":[7.625,5,8,5.125],"rotation":270,"texture":"#0"}}},{"from":[16,10,5],"to":[17,11,11],"rotation":{"angle":0,"axis":"y","origin":[8,10,8]},"faces":{"north":{"uv":[7.875,5,8,5.125],"texture":"#0"},"east":{"uv":[7.25,5,8,5.125],"texture":"#0"},"south":{"uv":[7.875,5,8,5.125],"texture":"#0"},"west":{"uv":[7.25,5,8,5.125],"texture":"#0"},"up":{"uv":[7.25,5,8,5.125],"rotation":90,"texture":"#0"},"down":{"uv":[7.25,5,8,5.125],"rotation":90,"texture":"#0"}}},{"from":[15,10,2],"to":[16,11,5],"rotation":{"angle":0,"axis":"y","origin":[8,10,8]},"faces":{"north":{"uv":[7.875,5,8,5.125],"texture":"#0"},"east":{"uv":[7.625,5,8,5.125],"texture":"#0"},"south":{"uv":[7.875,5,8,5.125],"texture":"#0"},"west":{"uv":[7.625,5,8,5.125],"texture":"#0"},"up":{"uv":[7.625,5,8,5.125],"texture":"#0"},"down":{"uv":[7.625,5,8,5.125],"rotation":90,"texture":"#0"}}},{"from":[14,10,1],"to":[15,11,2],"rotation":{"angle":0,"axis":"y","origin":[8,10,8]},"faces":{"north":{"uv":[8,4.875,8.125,5],"texture":"#0"},"east":{"uv":[8,4.875,8.125,5],"texture":"#0"},"south":{"uv":[8,4.875,8.125,5],"texture":"#0"},"west":{"uv":[8,4.875,8.125,5],"texture":"#0"},"up":{"uv":[8,4.875,8.125,5],"texture":"#0"},"down":{"uv":[8,4.875,8.125,5],"texture":"#0"}}},{"from":[11,10,0],"to":[14,11,1],"rotation":{"angle":0,"axis":"y","origin":[8,10,8]},"faces":{"north":{"uv":[7.25,5,7.625,5.125],"texture":"#0"},"east":{"uv":[7.25,5,7.375,5.125],"texture":"#0"},"south":{"uv":[7.625,5,8,5.125],"texture":"#0"},"west":{"uv":[7.25,5,7.375,5.125],"texture":"#0"},"up":{"uv":[7.625,5,8,5.125],"texture":"#0"},"down":{"uv":[7.625,5,8,5.125],"texture":"#0"}}},{"from":[15,7,2],"to":[16,8,5],"rotation":{"angle":0,"axis":"y","origin":[8,7,8]},"faces":{"north":{"uv":[7.875,5,8,5.125],"texture":"#0"},"east":{"uv":[7.625,5,8,5.125],"texture":"#0"},"south":{"uv":[7.875,5,8,5.125],"texture":"#0"},"west":{"uv":[7.625,5,8,5.125],"texture":"#0"},"up":{"uv":[7.625,5,8,5.125],"texture":"#0"},"down":{"uv":[7.625,5,8,5.125],"rotation":90,"texture":"#0"}}},{"from":[14,7,1],"to":[15,8,2],"rotation":{"angle":0,"axis":"y","origin":[8,7,8]},"faces":{"north":{"uv":[8,4.875,8.125,5],"texture":"#0"},"east":{"uv":[8,4.875,8.125,5],"texture":"#0"},"south":{"uv":[8,4.875,8.125,5],"texture":"#0"},"west":{"uv":[8,4.875,8.125,5],"texture":"#0"},"up":{"uv":[8,4.875,8.125,5],"texture":"#0"},"down":{"uv":[8,4.875,8.125,5],"texture":"#0"}}},{"from":[11,7,0],"to":[14,8,1],"rotation":{"angle":0,"axis":"y","origin":[8,7,8]},"faces":{"north":{"uv":[7.25,5,7.625,5.125],"texture":"#0"},"east":{"uv":[7.25,5,7.375,5.125],"texture":"#0"},"south":{"uv":[7.625,5,8,5.125],"texture":"#0"},"west":{"uv":[7.25,5,7.375,5.125],"texture":"#0"},"up":{"uv":[7.625,5,8,5.125],"texture":"#0"},"down":{"uv":[7.625,5,8,5.125],"texture":"#0"}}},{"from":[5,7,-1],"to":[11,8,0],"rotation":{"angle":0,"axis":"y","origin":[8,7,8]},"faces":{"north":{"uv":[7.25,5,8,5.125],"texture":"#0"},"east":{"uv":[7.875,5,8,5.125],"texture":"#0"},"south":{"uv":[7.25,5,8,5.125],"texture":"#0"},"west":{"uv":[7.875,5,8,5.125],"texture":"#0"},"up":{"uv":[7.25,5,8,5.125],"texture":"#0"},"down":{"uv":[7.25,5,8,5.125],"rotation":180,"texture":"#0"}}},{"from":[2,7,0],"to":[5,8,1],"rotation":{"angle":0,"axis":"y","origin":[8,7,8]},"faces":{"north":{"uv":[7.625,5,8,5.125],"texture":"#0"},"east":{"uv":[7.875,5,8,5.125],"texture":"#0"},"south":{"uv":[7.625,5,8,5.125],"texture":"#0"},"west":{"uv":[7.875,5,8,5.125],"texture":"#0"},"up":{"uv":[7.625,5,8,5.125],"rotation":270,"texture":"#0"},"down":{"uv":[7.625,5,8,5.125],"rotation":180,"texture":"#0"}}},{"from":[0,7,2],"to":[1,8,5],"rotation":{"angle":0,"axis":"y","origin":[8,7,8]},"faces":{"north":{"uv":[7.25,5,7.375,5.125],"texture":"#0"},"east":{"uv":[7.625,5,8,5.125],"texture":"#0"},"south":{"uv":[7.25,5,7.375,5.125],"texture":"#0"},"west":{"uv":[7.25,5,7.625,5.125],"texture":"#0"},"up":{"uv":[7.625,5,8,5.125],"rotation":270,"texture":"#0"},"down":{"uv":[7.625,5,8,5.125],"rotation":90,"texture":"#0"}}},{"from":[1,7,1],"to":[2,8,2],"rotation":{"angle":0,"axis":"y","origin":[8,7,8]},"faces":{"north":{"uv":[8,4.875,8.125,5],"texture":"#0"},"east":{"uv":[8,4.875,8.125,5],"texture":"#0"},"south":{"uv":[8,4.875,8.125,5],"texture":"#0"},"west":{"uv":[8,4.875,8.125,5],"texture":"#0"},"up":{"uv":[8,4.875,8.125,5],"rotation":270,"texture":"#0"},"down":{"uv":[8,4.875,8.125,5],"rotation":90,"texture":"#0"}}},{"from":[-1,7,5],"to":[0,8,11],"rotation":{"angle":0,"axis":"y","origin":[8,7,8]},"faces":{"north":{"uv":[7.875,5,8,5.125],"texture":"#0"},"east":{"uv":[7.25,5,8,5.125],"texture":"#0"},"south":{"uv":[7.875,5,8,5.125],"texture":"#0"},"west":{"uv":[7.25,5,8,5.125],"texture":"#0"},"up":{"uv":[7.25,5,8,5.125],"rotation":270,"texture":"#0"},"down":{"uv":[7.25,5,8,5.125],"rotation":270,"texture":"#0"}}},{"from":[0,7,11],"to":[1,8,14],"rotation":{"angle":0,"axis":"y","origin":[8,7,8]},"faces":{"north":{"uv":[7.875,5,8,5.125],"texture":"#0"},"east":{"uv":[7.625,5,8,5.125],"texture":"#0"},"south":{"uv":[7.875,5,8,5.125],"texture":"#0"},"west":{"uv":[7.625,5,8,5.125],"texture":"#0"},"up":{"uv":[7.625,5,8,5.125],"rotation":180,"texture":"#0"},"down":{"uv":[7.625,5,8,5.125],"rotation":270,"texture":"#0"}}},{"from":[1,7,14],"to":[2,8,15],"rotation":{"angle":0,"axis":"y","origin":[8,7,8]},"faces":{"north":{"uv":[8,4.875,8.125,5],"texture":"#0"},"east":{"uv":[8,4.875,8.125,5],"texture":"#0"},"south":{"uv":[8,4.875,8.125,5],"texture":"#0"},"west":{"uv":[8,4.875,8.125,5],"texture":"#0"},"up":{"uv":[8,4.875,8.125,5],"rotation":180,"texture":"#0"},"down":{"uv":[8,4.875,8.125,5],"rotation":180,"texture":"#0"}}},{"from":[2,7,15],"to":[5,8,16],"rotation":{"angle":0,"axis":"y","origin":[8,7,8]},"faces":{"north":{"uv":[7.625,5,8,5.125],"texture":"#0"},"east":{"uv":[7.25,5,7.375,5.125],"texture":"#0"},"south":{"uv":[7.25,5,7.625,5.125],"texture":"#0"},"west":{"uv":[7.25,5,7.375,5.125],"texture":"#0"},"up":{"uv":[7.625,5,8,5.125],"rotation":180,"texture":"#0"},"down":{"uv":[7.625,5,8,5.125],"rotation":180,"texture":"#0"}}},{"from":[5,7,16],"to":[11,8,17],"rotation":{"angle":0,"axis":"y","origin":[8,7,8]},"faces":{"north":{"uv":[7.25,5,8,5.125],"texture":"#0"},"east":{"uv":[7.875,5,8,5.125],"texture":"#0"},"south":{"uv":[7.25,5,8,5.125],"texture":"#0"},"west":{"uv":[7.875,5,8,5.125],"texture":"#0"},"up":{"uv":[7.25,5,8,5.125],"rotation":180,"texture":"#0"},"down":{"uv":[7.25,5,8,5.125],"texture":"#0"}}},{"from":[11,7,15],"to":[14,8,16],"rotation":{"angle":0,"axis":"y","origin":[8,7,8]},"faces":{"north":{"uv":[7.625,5,8,5.125],"texture":"#0"},"east":{"uv":[7.875,5,8,5.125],"texture":"#0"},"south":{"uv":[7.625,5,8,5.125],"texture":"#0"},"west":{"uv":[7.875,5,8,5.125],"texture":"#0"},"up":{"uv":[7.625,5,8,5.125],"rotation":90,"texture":"#0"},"down":{"uv":[7.625,5,8,5.125],"texture":"#0"}}},{"from":[14,7,14],"to":[15,8,15],"rotation":{"angle":0,"axis":"y","origin":[8,7,8]},"faces":{"north":{"uv":[8,4.875,8.125,5],"texture":"#0"},"east":{"uv":[8,4.875,8.125,5],"texture":"#0"},"south":{"uv":[8,4.875,8.125,5],"texture":"#0"},"west":{"uv":[8,4.875,8.125,5],"texture":"#0"},"up":{"uv":[8,4.875,8.125,5],"rotation":90,"texture":"#0"},"down":{"uv":[8,4.875,8.125,5],"rotation":270,"texture":"#0"}}},{"from":[15,7,11],"to":[16,8,14],"rotation":{"angle":0,"axis":"y","origin":[8,7,8]},"faces":{"north":{"uv":[7.25,5,7.375,5.125],"texture":"#0"},"east":{"uv":[7.25,5,7.625,5.125],"texture":"#0"},"south":{"uv":[7.25,5,7.375,5.125],"texture":"#0"},"west":{"uv":[7.625,5,8,5.125],"texture":"#0"},"up":{"uv":[7.625,5,8,5.125],"rotation":90,"texture":"#0"},"down":{"uv":[7.625,5,8,5.125],"rotation":270,"texture":"#0"}}},{"from":[16,7,5],"to":[17,8,11],"rotation":{"angle":0,"axis":"y","origin":[8,7,8]},"faces":{"north":{"uv":[7.875,5,8,5.125],"texture":"#0"},"east":{"uv":[7.25,5,8,5.125],"texture":"#0"},"south":{"uv":[7.875,5,8,5.125],"texture":"#0"},"west":{"uv":[7.25,5,8,5.125],"texture":"#0"},"up":{"uv":[7.25,5,8,5.125],"rotation":90,"texture":"#0"},"down":{"uv":[7.25,5,8,5.125],"rotation":90,"texture":"#0"}}}],"display":{"thirdperson_righthand":{"rotation":[25,0,0],"translation":[-0.695,2.0869,0.6959],"scale":[0.5,0.5,0.5]},"thirdperson_lefthand":{"rotation":[25,0,0],"translation":[-0.695,2.0869,0.6959],"scale":[0.5,0.5,0.5]},"firstperson_righthand":{"rotation":[5,125,-14],"translation":[2.0869,3.4781,-3.478],"scale":[0.5,0.5,0.5]},"firstperson_lefthand":{"rotation":[5,125,-14],"translation":[2.0869,3.4781,-3.478],"scale":[0.5,0.5,0.5]},"ground":{"scale":[0.8,0.8,0.8]},"gui":{"rotation":[14,143,-1],"translation":[0,-0.852,0],"scale":[0.6,0.6,0.6]},"head":{"translation":[0,-32.69,0],"scale":[1.4,1.4,1.4]}},"groups":[0,1,2,3,4,5,6,7,8,9,10,11,{"name":"Ring 1","origin":[8,8,8],"children":[12,13,14,15,16,17,18,19,20,21,22,23,24,25,26,27]},{"name":"Ring 2","origin":[8,6,8],"children":[28,29,30,31,32,33,34,35,36,37,38,39,40,41,42,43]}]}