{
	"credit": "Made with Blockbench",
	"texture_size": [32, 32],
	"textures": {
		"0": "cosmetics/jerome_hat",
		"1": "cosmetics/jerome_logo",
		"particle": "cosmetics/jerome_hat"
	},
	"elements": [
		{
			"from": [4.5, 0, 5],
			"to": [11.5, 2.5, 12],
			"faces": {
				"north": {"uv": [6.5, 0, 10, 1.25], "texture": "#0"},
				"east": {"uv": [6.5, 1.5, 10, 2.75], "texture": "#0"},
				"south": {"uv": [6.5, 3, 10, 4.25], "texture": "#0"},
				"west": {"uv": [6.5, 4.5, 10, 5.75], "texture": "#0"},
				"up": {"uv": [3.5, 3.5, 0, 0], "texture": "#0"},
				"down": {"uv": [3.5, 3.5, 0, 7], "texture": "#0"}
			}
		},
		{
			"from": [5, 2, 5.5],
			"to": [11, 4, 11.5],
			"faces": {
				"north": {"uv": [0, 7, 3, 8], "texture": "#0"},
				"east": {"uv": [0, 8, 3, 9], "texture": "#0"},
				"south": {"uv": [3, 8.5, 6, 9.5], "texture": "#0"},
				"west": {"uv": [6, 8.5, 9, 9.5], "texture": "#0"},
				"up": {"uv": [6.5, 3, 3.5, 0], "texture": "#0"},
				"down": {"uv": [6.5, 3, 3.5, 6], "texture": "#0"}
			}
		},
		{
			"from": [5.75, 4, 6.25],
			"to": [10.25, 5, 10.75],
			"faces": {
				"north": {"uv": [8.5, 6, 10.75, 6.5], "texture": "#0"},
				"east": {"uv": [8.5, 6.5, 10.75, 7], "texture": "#0"},
				"south": {"uv": [8.5, 7, 10.75, 7.5], "texture": "#0"},
				"west": {"uv": [8.5, 7.5, 10.75, 8], "texture": "#0"},
				"up": {"uv": [5.75, 8.25, 3.5, 6], "texture": "#0"},
				"down": {"uv": [8.25, 6, 6, 8.25], "texture": "#0"}
			}
		},
		{
			"from": [6.05, -0.5, 4.981],
			"to": [9.95, 3.4, 4.981],
			"rotation": {"angle": 0, "axis": "y", "origin": [-4.48, 0, -4.48]},
			"faces": {
				"north": {"uv": [0, 0, 16, 16], "texture": "#1"},
				"east": {"uv": [0, 0, 0, 1], "texture": "#main"},
				"south": {"uv": [0, 0, 1, 1], "texture": "#1"},
				"west": {"uv": [0, 0, 0, 1], "texture": "#main"},
				"up": {"uv": [0, 0, 1, 0], "texture": "#main"},
				"down": {"uv": [0, 0, 1, 0], "texture": "#main"}
			}
		}
	],
	"display": {
		"thirdperson_righthand": {
			"translation": [0, 3.75, 0],
			"scale": [0.8, 0.8, 0.8]
		},
		"thirdperson_lefthand": {
			"translation": [0, 3.75, 0],
			"scale": [0.8, 0.8, 0.8]
		},
		"firstperson_righthand": {
			"rotation": [129.88, 44.38, -141.76],
			"translation": [2.75, 5.5, -1.5]
		},
		"firstperson_lefthand": {
			"rotation": [129.88, 44.38, -141.76],
			"translation": [2.75, 5.5, -1.5]
		},
		"ground": {
			"translation": [0, 1.5, 0]
		},
		"gui": {
			"rotation": [
				21,
				136,
				11
			],
			"translation": [
				0.75,
				7.5,
				0
			],
			"scale": [
				1.5,
				1.5,
				1.5
			]
		},
		"head": {
			"translation": [0, 20, -1],
			"scale": [2.3, 2.3, 2.3]
		},
		"fixed": {
			"translation": [0, 5.75, 0]
		}
	},
	"groups": [
		{
			"name": "group",
			"origin": [8, 6, 9],
			"color": 0,
			"children": [0, 1, 2, 3]
		}
	]
}