{
	"game.hitsound": {
		"category": "master",
		"sounds": [
			{
				"name": "game/hitsound",
				"stream": false
			}
		]
	},
	"game.supereffectivehit": {
		"category": "master",
		"sounds": [
			{
				"name": "game/supereffectivehit",
				"stream": false
			}
		]
	},
	"game.noteffectivehit": {
		"category": "master",
		"sounds": [
			{
				"name": "game/noteffectivehit",
				"stream": false
			}
		]
	},
	"game.gearboy0": {
		"category": "master",
		"sounds": [
			{
				"name": "game/gearboy0",
				"stream": false
			}
		]
	},
	"game.gearboy1": {
		"category": "master",
		"sounds": [
			{
				"name": "game/gearboy1",
				"stream": false
			}
		]
	},
	"game.gearboy2": {
		"category": "master",
		"sounds": [
			{
				"name": "game/gearboy2",
				"stream": false
			}
		]
	},
	"game.pokemon1": {
		"category": "master",
		"sounds": [
			{
				"name": "game/pokemon1",
				"stream": false
			}
		]
	},
	"game.incubator1": {
		"category": "master",
		"sounds": [
			{
				"name": "game/incubator1",
				"stream": false
			}
		]
	},
	"game.incubator2": {
		"category": "master",
		"sounds": [
			{
				"name": "game/incubator2",
				"stream": false
			}
		]
	},
	"game.faint": {
		"category": "master",
		"sounds": [
			{
				"name": "game/faint",
				"stream": false
			}
		]
	},
	"game.healsound": {
		"category": "master",
		"sounds": [
			{
				"name": "game/healsound",
				"stream": false
			}
		]
	},
	"game.hitsound2": {
		"category": "master",
		"sounds": [
			{
				"name": "game/hitsound2",
				"stream": false
			}
		]
	},
	"game.statussound": {
		"category": "master",
		"sounds": [
			{
				"name": "game/statussound",
				"stream": false
			}
		]
	},
	"game.revivesound": {
		"category": "master",
		"sounds": [
			{
				"name": "game/revivesound",
				"stream": false
			}
		]
	}
}
