{"textures":{"0":"block/grass","particle":"block/grass"},"elements":[{"from":[0,4,2],"to":[16,20,2],"shade":false,"rotation":{"angle":-45,"axis":"x","origin":[8,8,8]},"faces":{"north":{"uv":[0,0,16,16],"texture":"#0","tintindex":0},"south":{"uv":[0,0,16,16],"texture":"#0","tintindex":0}}},{"from":[0,2,4],"to":[16,2,20],"shade":false,"rotation":{"angle":-45,"axis":"x","origin":[8,8,8]},"faces":{"up":{"uv":[0,0,16,16],"rotation":180,"texture":"#0","tintindex":0},"down":{"uv":[0,0,16,16],"texture":"#0","tintindex":0}}},{"from":[0,-1,8],"to":[16,15,8],"shade":false,"rotation":{"angle":45,"axis":"y","origin":[8,8,8]},"faces":{"north":{"uv":[0,0,16,16],"texture":"#0","tintindex":0},"south":{"uv":[0,0,16,16],"texture":"#0","tintindex":0}}},{"from":[0,-1,8],"to":[16,15,8],"shade":false,"rotation":{"angle":-45,"axis":"y","origin":[8,8,8]},"faces":{"north":{"uv":[0,0,16,16],"texture":"#0","tintindex":0},"south":{"uv":[0,0,16,16],"texture":"#0","tintindex":0}}},{"from":[-4,2,0],"to":[12,2,16],"shade":false,"rotation":{"angle":-45,"axis":"z","origin":[8,8,8]},"faces":{"up":{"uv":[0,0,16,16],"rotation":270,"texture":"#0","tintindex":0},"down":{"uv":[0,0,16,16],"rotation":270,"texture":"#0","tintindex":0}}},{"from":[4,2,0],"to":[20,2,16],"shade":false,"rotation":{"angle":45,"axis":"z","origin":[8,8,8]},"faces":{"up":{"uv":[0,0,16,16],"rotation":90,"texture":"#0","tintindex":0},"down":{"uv":[0,0,16,16],"rotation":90,"texture":"#0","tintindex":0}}}]}